-- phpMyAdmin SQL Dump
-- version 5.2.1
-- https://www.phpmyadmin.net/
--
-- Värd: mockelngymnasiet.com.mysql.service.one.com:3306
-- Tid vid skapande: 27 feb 2024 kl 12:12
-- Serverversion: 10.5.21-MariaDB-1:10.5.21+maria~ubu2004
-- PHP-version: 8.1.2-1ubuntu2.14

SET SQL_MODE = "NO_AUTO_VALUE_ON_ZERO";
START TRANSACTION;
SET time_zone = "+00:00";


/*!40101 SET @OLD_CHARACTER_SET_CLIENT=@@CHARACTER_SET_CLIENT */;
/*!40101 SET @OLD_CHARACTER_SET_RESULTS=@@CHARACTER_SET_RESULTS */;
/*!40101 SET @OLD_COLLATION_CONNECTION=@@COLLATION_CONNECTION */;
/*!40101 SET NAMES utf8mb4 */;

--
-- Databas: `mockelngymnasie`
--

-- --------------------------------------------------------

--
-- Tabellstruktur `tblcomp`
--

CREATE TABLE `tblcomp` (
  `compid` int(11) NOT NULL,
  `compname` varchar(200) NOT NULL,
  `totsteps` int(11) NOT NULL DEFAULT 0,
  `startdate` date NOT NULL,
  `stopdate` date NOT NULL
) ENGINE=InnoDB DEFAULT CHARSET=utf8mb4 COLLATE=utf8mb4_general_ci;

--
-- Dumpning av Data i tabell `tblcomp`
--

INSERT INTO `tblcomp` (`compid`, `compname`, `totsteps`, `startdate`, `stopdate`) VALUES
(4, 'Möckeln etapp 1', 5349592, '2024-02-12', '2024-03-01');

-- --------------------------------------------------------

--
-- Tabellstruktur `tblsteps`
--

CREATE TABLE `tblsteps` (
  `stepsid` int(11) NOT NULL,
  `user` int(11) NOT NULL,
  `comp` int(11) NOT NULL,
  `team` int(11) NOT NULL,
  `steps` int(11) NOT NULL,
  `posted` timestamp NOT NULL DEFAULT current_timestamp()
) ENGINE=InnoDB DEFAULT CHARSET=utf8mb4 COLLATE=utf8mb4_general_ci;

--
-- Dumpning av Data i tabell `tblsteps`
--

INSERT INTO `tblsteps` (`stepsid`, `user`, `comp`, `team`, `steps`, `posted`) VALUES
(22, 100, 4, 42, 2300, '2024-02-12 13:41:03'),
(23, 131, 4, 44, 1, '2024-02-12 13:41:55'),
(24, 132, 4, 42, 10444, '2024-02-12 17:18:52'),
(25, 96, 4, 42, 7387, '2024-02-12 19:24:09'),
(26, 111, 4, 43, 20190, '2024-02-12 20:30:12'),
(27, 117, 4, 39, 17154, '2024-02-12 23:43:21'),
(28, 109, 4, 42, 8500, '2024-02-13 05:22:30'),
(29, 100, 4, 42, 5000, '2024-02-13 06:52:17'),
(30, 98, 4, 40, 18532, '2024-02-13 06:56:48'),
(31, 126, 4, 39, 13458, '2024-02-13 07:15:43'),
(32, 123, 4, 43, 10198, '2024-02-13 07:23:59'),
(33, 119, 4, 44, 4411, '2024-02-13 07:34:50'),
(34, 114, 4, 39, 13022, '2024-02-13 07:35:34'),
(35, 134, 4, 43, 7032, '2024-02-13 07:35:45'),
(36, 108, 4, 43, 15000, '2024-02-13 07:44:46'),
(37, 108, 4, 43, 1, '2024-02-13 07:45:14'),
(38, 104, 4, 43, 8241, '2024-02-13 07:48:38'),
(39, 95, 4, 39, 5520, '2024-02-13 07:56:17'),
(40, 133, 4, 42, 15812, '2024-02-13 08:03:32'),
(41, 130, 4, 40, 6860, '2024-02-13 08:14:09'),
(42, 118, 4, 43, 7231, '2024-02-13 08:27:55'),
(43, 131, 4, 0, 1375, '2024-02-13 08:33:04'),
(44, 131, 4, 44, 1375, '2024-02-13 08:48:06'),
(45, 107, 4, 42, 7642, '2024-02-13 09:17:44'),
(46, 120, 4, 39, 11280, '2024-02-13 10:16:00'),
(47, 110, 4, 39, 13992, '2024-02-13 10:53:41'),
(48, 115, 4, 40, 4300, '2024-02-13 11:25:53'),
(49, 106, 4, 42, 7826, '2024-02-13 11:26:07'),
(50, 101, 4, 43, 1517, '2024-02-13 11:48:17'),
(51, 128, 4, 40, 8159, '2024-02-13 12:37:21'),
(52, 113, 4, 39, 17368, '2024-02-13 15:01:09'),
(53, 112, 4, 41, 8658, '2024-02-13 15:25:20'),
(55, 127, 4, 40, 8891, '2024-02-13 16:05:20'),
(56, 136, 4, 40, 4856, '2024-02-13 16:14:10'),
(57, 135, 4, 41, 12390, '2024-02-13 16:21:07'),
(58, 132, 4, 42, 9574, '2024-02-13 18:41:54'),
(59, 123, 4, 43, 13752, '2024-02-13 19:22:06'),
(60, 111, 4, 43, 20491, '2024-02-13 20:21:12'),
(61, 115, 4, 40, 5865, '2024-02-13 21:10:41'),
(62, 125, 4, 41, 3863, '2024-02-13 21:47:25'),
(63, 125, 4, 41, 3154, '2024-02-13 21:47:51'),
(64, 96, 4, 42, 7305, '2024-02-13 22:02:08'),
(65, 117, 4, 39, 20247, '2024-02-13 23:08:46'),
(66, 118, 4, 43, 6358, '2024-02-14 06:19:53'),
(67, 100, 4, 42, 9238, '2024-02-14 06:38:31'),
(68, 130, 4, 40, 11545, '2024-02-14 06:38:41'),
(69, 98, 4, 40, 15113, '2024-02-14 06:41:36'),
(70, 109, 4, 42, 8452, '2024-02-14 07:12:27'),
(71, 119, 4, 44, 9653, '2024-02-14 07:17:11'),
(72, 114, 4, 39, 13170, '2024-02-14 07:28:04'),
(73, 134, 4, 43, 10045, '2024-02-14 07:39:20'),
(74, 113, 4, 39, 11177, '2024-02-14 07:45:09'),
(75, 104, 4, 43, 8358, '2024-02-14 08:03:06'),
(76, 110, 4, 39, 14162, '2024-02-14 08:36:38'),
(77, 110, 4, 39, 680, '2024-02-14 08:37:50'),
(78, 135, 4, 41, 9280, '2024-02-14 08:41:58'),
(79, 106, 4, 42, 8563, '2024-02-14 09:09:59'),
(80, 108, 4, 43, 7654, '2024-02-14 09:15:16'),
(81, 136, 4, 40, 10368, '2024-02-14 10:09:00'),
(82, 95, 4, 39, 11107, '2024-02-14 10:25:29'),
(83, 131, 4, 44, 11771, '2024-02-14 11:54:09'),
(84, 137, 4, 44, 3307, '2024-02-14 11:58:59'),
(85, 137, 4, 44, 6087, '2024-02-14 11:59:11'),
(86, 121, 4, 0, 11917, '2024-02-14 12:06:36'),
(87, 120, 4, 39, 9320, '2024-02-14 12:46:54'),
(88, 122, 4, 40, 13602, '2024-02-14 14:28:09'),
(89, 123, 4, 43, 12012, '2024-02-14 19:10:14'),
(90, 111, 4, 43, 21145, '2024-02-14 19:43:21'),
(91, 132, 4, 42, 8532, '2024-02-14 19:52:45'),
(92, 115, 4, 40, 11024, '2024-02-14 20:22:00'),
(93, 125, 4, 41, 5335, '2024-02-14 21:01:52'),
(94, 96, 4, 42, 4860, '2024-02-14 22:01:09'),
(95, 101, 4, 43, 8540, '2024-02-14 22:42:33'),
(96, 117, 4, 39, 19104, '2024-02-14 22:59:58'),
(97, 100, 4, 42, 10940, '2024-02-15 06:43:35'),
(98, 130, 4, 40, 11967, '2024-02-15 06:46:24'),
(99, 133, 4, 42, 9096, '2024-02-15 07:00:35'),
(100, 133, 4, 42, 10118, '2024-02-15 07:00:57'),
(101, 104, 4, 43, 10260, '2024-02-15 07:04:38'),
(102, 95, 4, 39, 9169, '2024-02-15 07:10:15'),
(103, 113, 4, 39, 20210, '2024-02-15 07:22:43'),
(104, 137, 4, 44, 8946, '2024-02-15 07:33:27'),
(105, 119, 4, 44, 8856, '2024-02-15 07:45:10'),
(106, 134, 4, 43, 11640, '2024-02-15 07:50:24'),
(107, 110, 4, 39, 17017, '2024-02-15 07:56:32'),
(108, 121, 4, 44, 5508, '2024-02-15 08:57:44'),
(109, 108, 4, 43, 8500, '2024-02-15 09:29:21'),
(110, 114, 4, 39, 11595, '2024-02-15 09:54:17'),
(111, 106, 4, 42, 10183, '2024-02-15 11:16:01'),
(112, 120, 4, 39, 9933, '2024-02-15 12:15:39'),
(113, 121, 4, 44, 22000, '2024-02-15 13:19:20'),
(114, 131, 4, 44, 11458, '2024-02-15 13:21:18'),
(115, 98, 4, 40, 20157, '2024-02-15 13:34:03'),
(116, 118, 4, 43, 6120, '2024-02-15 13:34:59'),
(117, 124, 4, 41, 14600, '2024-02-15 13:46:41'),
(118, 122, 4, 40, 7084, '2024-02-15 14:19:14'),
(119, 112, 4, 41, 15497, '2024-02-15 15:08:08'),
(120, 109, 4, 42, 9015, '2024-02-15 16:34:17'),
(121, 123, 4, 43, 11824, '2024-02-15 18:28:12'),
(122, 132, 4, 42, 10412, '2024-02-15 18:43:07'),
(123, 136, 4, 40, 12456, '2024-02-15 18:58:14'),
(124, 111, 4, 43, 20253, '2024-02-15 19:47:45'),
(125, 115, 4, 40, 12664, '2024-02-15 20:13:56'),
(126, 134, 4, 43, 13274, '2024-02-15 20:30:50'),
(127, 136, 4, 40, 14012, '2024-02-15 20:54:55'),
(128, 125, 4, 41, 2320, '2024-02-15 21:08:04'),
(129, 96, 4, 42, 6749, '2024-02-15 21:48:18'),
(130, 117, 4, 39, 16836, '2024-02-15 23:59:02'),
(131, 109, 4, 42, 7089, '2024-02-16 04:57:32'),
(132, 118, 4, 43, 8180, '2024-02-16 06:44:22'),
(133, 100, 4, 42, 9585, '2024-02-16 06:47:12'),
(134, 119, 4, 44, 9962, '2024-02-16 06:48:53'),
(135, 98, 4, 40, 21716, '2024-02-16 06:51:48'),
(136, 104, 4, 43, 5841, '2024-02-16 07:05:14'),
(137, 126, 4, 39, 23807, '2024-02-16 07:20:42'),
(138, 113, 4, 39, 12243, '2024-02-16 07:31:25'),
(139, 114, 4, 39, 11945, '2024-02-16 07:42:32'),
(140, 106, 4, 42, 4570, '2024-02-16 07:50:12'),
(141, 107, 4, 42, 28515, '2024-02-16 08:10:23'),
(142, 108, 4, 43, 6620, '2024-02-16 09:14:34'),
(143, 110, 4, 39, 17896, '2024-02-16 09:22:00'),
(144, 128, 4, 40, 16704, '2024-02-16 09:45:49'),
(145, 138, 4, 39, 30000, '2024-02-16 09:47:45'),
(146, 138, 4, 39, 8431, '2024-02-16 09:48:35'),
(147, 97, 4, 41, 9658, '2024-02-16 12:11:38'),
(148, 97, 4, 41, 10746, '2024-02-16 12:11:50'),
(149, 97, 4, 41, 15839, '2024-02-16 12:12:05'),
(150, 97, 4, 41, 15954, '2024-02-16 12:12:21'),
(151, 131, 4, 44, 5504, '2024-02-16 13:08:55'),
(152, 95, 4, 39, 7733, '2024-02-16 14:24:21'),
(153, 122, 4, 40, 6848, '2024-02-16 16:42:53'),
(154, 132, 4, 42, 7373, '2024-02-16 18:51:42'),
(155, 135, 4, 41, 12368, '2024-02-16 19:09:31'),
(156, 135, 4, 41, 15529, '2024-02-16 19:09:56'),
(157, 135, 4, 41, 12655, '2024-02-16 19:10:44'),
(158, 101, 4, 43, 4850, '2024-02-16 19:22:16'),
(159, 115, 4, 40, 12274, '2024-02-16 19:27:57'),
(160, 123, 4, 43, 9356, '2024-02-16 19:28:42'),
(161, 111, 4, 43, 18633, '2024-02-16 20:59:47'),
(162, 136, 4, 40, 14012, '2024-02-16 21:13:19'),
(163, 136, 4, 40, 10768, '2024-02-16 21:16:09'),
(164, 134, 4, 43, 13327, '2024-02-16 21:37:36'),
(165, 125, 4, 41, 5834, '2024-02-16 22:05:03'),
(166, 117, 4, 39, 12631, '2024-02-17 01:48:42'),
(167, 101, 4, 43, 4860, '2024-02-17 06:09:27'),
(168, 110, 4, 39, 12709, '2024-02-17 06:25:58'),
(169, 114, 4, 39, 10383, '2024-02-17 07:45:15'),
(170, 109, 4, 42, 7052, '2024-02-17 07:58:20'),
(171, 100, 4, 42, 10819, '2024-02-17 08:37:04'),
(172, 130, 4, 40, 11648, '2024-02-17 09:46:53'),
(173, 96, 4, 42, 3557, '2024-02-17 11:54:11'),
(174, 113, 4, 39, 15375, '2024-02-17 17:02:17'),
(175, 118, 4, 43, 5691, '2024-02-17 17:58:40'),
(176, 132, 4, 42, 6774, '2024-02-17 18:08:52'),
(177, 123, 4, 43, 13913, '2024-02-17 20:21:25'),
(178, 118, 4, 43, 5133, '2024-02-17 20:24:36'),
(179, 95, 4, 39, 8211, '2024-02-17 20:42:42'),
(180, 115, 4, 40, 22580, '2024-02-17 20:57:30'),
(181, 125, 4, 41, 4089, '2024-02-17 22:24:23'),
(182, 134, 4, 43, 13026, '2024-02-17 22:30:58'),
(183, 106, 4, 42, 7771, '2024-02-17 22:36:23'),
(184, 117, 4, 39, 14057, '2024-02-17 23:18:15'),
(185, 101, 4, 43, 19324, '2024-02-17 23:44:28'),
(186, 95, 4, 39, 8595, '2024-02-18 00:09:44'),
(187, 111, 4, 43, 21607, '2024-02-18 00:12:30'),
(188, 130, 4, 40, 15148, '2024-02-18 07:44:09'),
(189, 110, 4, 39, 19718, '2024-02-18 07:58:42'),
(190, 109, 4, 42, 6500, '2024-02-18 07:59:14'),
(191, 118, 4, 43, 5967, '2024-02-18 08:10:11'),
(192, 96, 4, 42, 5722, '2024-02-18 08:32:47'),
(193, 114, 4, 39, 12962, '2024-02-18 09:30:35'),
(194, 113, 4, 39, 22008, '2024-02-18 10:07:47'),
(195, 107, 4, 42, 17369, '2024-02-18 13:12:18'),
(196, 122, 4, 40, 17048, '2024-02-18 16:38:39'),
(197, 106, 4, 42, 6629, '2024-02-18 17:27:13'),
(198, 132, 4, 42, 9273, '2024-02-18 18:44:35'),
(199, 100, 4, 42, 9895, '2024-02-18 18:51:14'),
(200, 123, 4, 43, 14411, '2024-02-18 20:07:01'),
(201, 136, 4, 40, 11986, '2024-02-18 20:24:12'),
(202, 117, 4, 39, 11953, '2024-02-18 21:39:26'),
(203, 134, 4, 43, 20091, '2024-02-18 22:23:11'),
(204, 125, 4, 41, 2349, '2024-02-18 22:54:55'),
(205, 96, 4, 42, 2039, '2024-02-18 23:57:36'),
(206, 101, 4, 43, 19265, '2024-02-19 00:00:55'),
(207, 95, 4, 39, 8084, '2024-02-19 00:25:11'),
(208, 115, 4, 40, 14544, '2024-02-19 05:47:49'),
(209, 119, 4, 44, 27692, '2024-02-19 06:31:09'),
(210, 104, 4, 43, 7245, '2024-02-19 06:43:49'),
(211, 104, 4, 43, 8987, '2024-02-19 06:44:07'),
(212, 104, 4, 43, 8091, '2024-02-19 06:44:24'),
(213, 100, 4, 42, 9677, '2024-02-19 06:54:26'),
(214, 110, 4, 39, 11836, '2024-02-19 07:07:15'),
(215, 111, 4, 43, 17733, '2024-02-19 07:10:44'),
(216, 128, 4, 40, 14961, '2024-02-19 07:18:02'),
(217, 106, 4, 42, 5977, '2024-02-19 07:25:51'),
(218, 113, 4, 39, 18020, '2024-02-19 07:31:45'),
(219, 130, 4, 40, 10391, '2024-02-19 07:40:17'),
(220, 116, 4, 41, 30000, '2024-02-19 08:07:40'),
(221, 116, 4, 41, 1246, '2024-02-19 08:08:16'),
(222, 116, 4, 41, 30000, '2024-02-19 08:08:29'),
(223, 109, 4, 42, 6100, '2024-02-19 08:19:25'),
(224, 97, 4, 41, 6588, '2024-02-19 08:46:10'),
(225, 97, 4, 41, 17575, '2024-02-19 08:46:33'),
(226, 97, 4, 41, 12291, '2024-02-19 08:46:56'),
(227, 114, 4, 39, 11917, '2024-02-19 09:34:33'),
(228, 102, 4, 41, 18870, '2024-02-19 11:54:41'),
(229, 102, 4, 41, 19222, '2024-02-19 11:55:37'),
(230, 108, 4, 43, 27668, '2024-02-19 17:11:05'),
(231, 132, 4, 42, 4606, '2024-02-19 18:24:43'),
(232, 136, 4, 40, 11855, '2024-02-19 19:08:15'),
(233, 111, 4, 43, 20478, '2024-02-19 19:45:40'),
(234, 115, 4, 40, 12765, '2024-02-19 20:40:49'),
(235, 134, 4, 43, 16299, '2024-02-19 20:43:55'),
(236, 125, 4, 41, 4506, '2024-02-19 21:04:38'),
(237, 136, 4, 40, 18024, '2024-02-19 21:07:53'),
(238, 117, 4, 39, 16573, '2024-02-19 21:47:12'),
(239, 101, 4, 43, 2703, '2024-02-19 22:22:26'),
(240, 95, 4, 39, 7010, '2024-02-19 22:44:08'),
(241, 106, 4, 42, 12999, '2024-02-20 06:11:58'),
(242, 119, 4, 44, 6883, '2024-02-20 06:30:53'),
(243, 110, 4, 39, 17475, '2024-02-20 07:07:02'),
(244, 98, 4, 40, 15722, '2024-02-20 07:07:03'),
(245, 98, 4, 40, 17245, '2024-02-20 07:07:21'),
(246, 98, 4, 40, 20121, '2024-02-20 07:07:57'),
(247, 109, 4, 42, 9400, '2024-02-20 07:11:22'),
(248, 118, 4, 43, 6841, '2024-02-20 07:25:18'),
(249, 130, 4, 40, 10074, '2024-02-20 07:48:22'),
(250, 97, 4, 41, 10414, '2024-02-20 07:52:58'),
(251, 107, 4, 42, 20734, '2024-02-20 08:02:24'),
(252, 116, 4, 41, 12004, '2024-02-20 08:29:10'),
(253, 114, 4, 39, 11062, '2024-02-20 09:09:54'),
(254, 123, 4, 43, 10315, '2024-02-20 09:43:19'),
(255, 113, 4, 39, 18428, '2024-02-20 09:45:49'),
(256, 100, 4, 42, 7692, '2024-02-20 10:42:08'),
(257, 104, 4, 43, 7235, '2024-02-20 12:20:05'),
(258, 137, 4, 44, 4703, '2024-02-20 12:55:27'),
(259, 137, 4, 44, 6402, '2024-02-20 12:55:35'),
(260, 137, 4, 44, 11452, '2024-02-20 12:55:47'),
(261, 137, 4, 44, 7461, '2024-02-20 12:56:10'),
(262, 137, 4, 44, 6718, '2024-02-20 12:56:19'),
(263, 111, 4, 43, 21275, '2024-02-20 19:37:05'),
(264, 132, 4, 42, 12247, '2024-02-20 20:04:33'),
(265, 115, 4, 40, 10846, '2024-02-20 20:27:31'),
(266, 117, 4, 39, 13998, '2024-02-20 21:26:18'),
(267, 134, 4, 43, 10164, '2024-02-20 21:32:19'),
(268, 96, 4, 42, 6318, '2024-02-20 21:44:52'),
(269, 96, 4, 42, 8755, '2024-02-20 21:45:00'),
(270, 125, 4, 41, 8734, '2024-02-20 22:00:59'),
(271, 127, 4, 40, 30000, '2024-02-20 22:18:09'),
(272, 127, 4, 40, 17542, '2024-02-20 22:19:04'),
(273, 101, 4, 43, 18239, '2024-02-20 22:20:47'),
(274, 95, 4, 39, 8053, '2024-02-20 22:57:50'),
(275, 130, 4, 40, 10079, '2024-02-21 06:49:34'),
(276, 118, 4, 43, 6141, '2024-02-21 06:51:04'),
(277, 97, 4, 41, 10146, '2024-02-21 08:06:25'),
(278, 104, 4, 43, 9249, '2024-02-21 08:12:55'),
(279, 110, 4, 39, 18475, '2024-02-21 08:41:47'),
(280, 114, 4, 39, 13243, '2024-02-21 08:59:47'),
(281, 123, 4, 43, 8534, '2024-02-21 09:11:18'),
(282, 137, 4, 44, 7793, '2024-02-21 09:39:02'),
(283, 113, 4, 39, 18745, '2024-02-21 09:40:25'),
(284, 109, 4, 42, 8500, '2024-02-21 09:49:10'),
(285, 112, 4, 41, 29160, '2024-02-21 13:28:43'),
(286, 106, 4, 42, 11372, '2024-02-21 14:40:08'),
(287, 116, 4, 41, 10245, '2024-02-21 17:08:48'),
(288, 132, 4, 42, 7458, '2024-02-21 19:59:35'),
(289, 127, 4, 40, 12153, '2024-02-21 20:29:19'),
(290, 115, 4, 40, 10287, '2024-02-21 20:39:32'),
(291, 111, 4, 43, 23310, '2024-02-21 20:42:52'),
(292, 136, 4, 40, 16187, '2024-02-21 20:45:28'),
(293, 96, 4, 42, 3957, '2024-02-21 21:30:51'),
(294, 125, 4, 41, 3350, '2024-02-21 21:49:48'),
(295, 117, 4, 39, 12857, '2024-02-21 21:53:52'),
(296, 134, 4, 43, 10956, '2024-02-21 23:22:08'),
(297, 101, 4, 43, 7874, '2024-02-21 23:32:49'),
(298, 95, 4, 39, 7831, '2024-02-22 06:22:19'),
(299, 123, 4, 43, 10206, '2024-02-22 07:00:18'),
(300, 116, 4, 41, 10552, '2024-02-22 07:18:00'),
(301, 97, 4, 41, 17552, '2024-02-22 07:33:34'),
(302, 110, 4, 39, 15655, '2024-02-22 08:49:19'),
(303, 130, 0, 40, 10938, '2024-02-22 09:11:19'),
(304, 118, 4, 43, 8393, '2024-02-22 09:43:04'),
(305, 100, 4, 42, 9450, '2024-02-22 09:44:31'),
(306, 122, 4, 40, 15296, '2024-02-22 09:44:57'),
(307, 107, 4, 42, 13232, '2024-02-22 10:21:05'),
(308, 109, 4, 42, 9200, '2024-02-22 10:49:28'),
(309, 114, 4, 39, 11527, '2024-02-22 11:00:39'),
(310, 113, 4, 39, 18198, '2024-02-22 11:41:33'),
(311, 106, 4, 42, 11404, '2024-02-22 13:04:26'),
(312, 132, 4, 42, 8132, '2024-02-22 18:40:20'),
(313, 132, 4, 42, 8132, '2024-02-22 18:40:26'),
(314, 111, 4, 43, 12958, '2024-02-22 20:19:13'),
(315, 136, 4, 40, 11465, '2024-02-22 21:23:48'),
(316, 117, 4, 39, 13647, '2024-02-22 22:15:07'),
(317, 101, 4, 43, 4029, '2024-02-22 22:45:52'),
(318, 134, 4, 43, 13072, '2024-02-22 23:00:04'),
(319, 95, 4, 39, 8967, '2024-02-22 23:08:55'),
(320, 97, 4, 41, 16466, '2024-02-23 06:29:51'),
(321, 123, 4, 43, 10527, '2024-02-23 06:50:26'),
(322, 137, 4, 44, 4001, '2024-02-23 07:00:16'),
(323, 137, 4, 44, 2022, '2024-02-23 07:00:29'),
(324, 100, 4, 42, 8205, '2024-02-23 07:08:53'),
(325, 116, 4, 41, 12653, '2024-02-23 07:14:16'),
(326, 110, 4, 39, 17693, '2024-02-23 07:48:13'),
(327, 138, 4, 39, 30000, '2024-02-23 09:08:13'),
(328, 138, 4, 39, 30000, '2024-02-23 09:08:28'),
(329, 138, 4, 39, 8331, '2024-02-23 09:08:35'),
(330, 109, 4, 42, 14158, '2024-02-23 09:30:53'),
(331, 113, 4, 39, 20446, '2024-02-23 09:44:05'),
(332, 114, 4, 39, 11499, '2024-02-23 10:25:12'),
(333, 106, 4, 42, 9207, '2024-02-23 12:18:06'),
(334, 118, 4, 43, 8563, '2024-02-23 15:39:39'),
(335, 122, 4, 40, 9071, '2024-02-23 16:26:09'),
(336, 134, 4, 43, 11742, '2024-02-23 21:09:07'),
(337, 96, 4, 42, 4000, '2024-02-23 21:16:55'),
(338, 111, 4, 43, 20237, '2024-02-23 21:17:40'),
(339, 125, 4, 41, 4008, '2024-02-23 21:52:32'),
(340, 117, 4, 39, 15741, '2024-02-23 23:39:29'),
(341, 95, 4, 39, 8005, '2024-02-24 05:56:15'),
(342, 101, 4, 43, 9921, '2024-02-24 06:35:45'),
(343, 123, 4, 43, 14984, '2024-02-24 07:45:43'),
(344, 106, 4, 42, 6227, '2024-02-24 08:14:24'),
(345, 114, 4, 39, 10018, '2024-02-24 08:23:31'),
(346, 97, 4, 41, 10057, '2024-02-24 08:57:41'),
(347, 110, 4, 39, 16792, '2024-02-24 09:01:55'),
(348, 130, 4, 40, 10650, '2024-02-24 13:29:29'),
(349, 115, 4, 40, 12539, '2024-02-24 14:14:41'),
(350, 115, 4, 40, 16780, '2024-02-24 14:15:12'),
(351, 122, 4, 40, 9138, '2024-02-24 15:14:08'),
(352, 113, 4, 39, 17586, '2024-02-24 16:24:52'),
(353, 100, 4, 42, 9788, '2024-02-24 17:32:47'),
(354, 132, 4, 42, 7100, '2024-02-24 19:26:46'),
(355, 134, 4, 43, 16351, '2024-02-24 21:31:10'),
(356, 109, 4, 42, 5300, '2024-02-24 21:58:23'),
(357, 111, 4, 43, 17043, '2024-02-24 22:22:56'),
(358, 95, 4, 39, 11028, '2024-02-24 23:07:56'),
(359, 117, 4, 39, 15967, '2024-02-25 01:03:55'),
(360, 101, 4, 43, 8244, '2024-02-25 06:44:45'),
(361, 110, 4, 39, 7300, '2024-02-25 07:26:11'),
(362, 123, 4, 43, 15735, '2024-02-25 07:28:47'),
(363, 109, 4, 42, 10125, '2024-02-25 07:57:51'),
(364, 116, 4, 41, 6107, '2024-02-25 08:02:45'),
(365, 116, 4, 41, 14213, '2024-02-25 08:02:59'),
(366, 114, 4, 39, 16133, '2024-02-25 08:30:51'),
(367, 118, 4, 43, 7376, '2024-02-25 09:36:15'),
(368, 113, 4, 39, 16942, '2024-02-25 10:23:04'),
(369, 97, 4, 41, 14394, '2024-02-25 10:30:33'),
(370, 106, 4, 42, 7175, '2024-02-25 10:36:59'),
(371, 136, 4, 40, 18653, '2024-02-25 11:21:26'),
(372, 115, 4, 40, 15398, '2024-02-25 11:50:42'),
(373, 125, 4, 41, 2315, '2024-02-25 15:15:15'),
(374, 122, 4, 40, 7701, '2024-02-25 15:32:55'),
(375, 132, 4, 42, 10127, '2024-02-25 17:20:58'),
(376, 123, 4, 43, 10041, '2024-02-25 19:34:40'),
(377, 107, 4, 42, 19257, '2024-02-25 19:36:12'),
(378, 107, 4, 42, 14519, '2024-02-25 19:36:37'),
(379, 111, 4, 43, 23822, '2024-02-25 20:16:44'),
(380, 115, 4, 40, 16526, '2024-02-25 20:58:04'),
(381, 134, 4, 43, 16339, '2024-02-25 21:25:08'),
(382, 125, 4, 41, 2750, '2024-02-25 22:11:17'),
(383, 117, 4, 39, 14893, '2024-02-25 22:45:44'),
(384, 95, 4, 39, 6959, '2024-02-26 04:36:53'),
(385, 97, 4, 41, 24407, '2024-02-26 06:06:27'),
(386, 107, 4, 42, 6421, '2024-02-26 07:16:56'),
(387, 101, 4, 43, 9506, '2024-02-26 07:27:38'),
(388, 118, 4, 43, 6920, '2024-02-26 07:28:26'),
(389, 113, 4, 39, 13560, '2024-02-26 07:36:12'),
(390, 119, 4, 44, 26940, '2024-02-26 07:41:59'),
(391, 136, 4, 40, 7996, '2024-02-26 07:51:11'),
(392, 106, 4, 42, 11111, '2024-02-26 07:59:35'),
(393, 128, 4, 40, 20717, '2024-02-26 08:19:15'),
(394, 110, 4, 39, 16340, '2024-02-26 08:25:24'),
(395, 126, 4, 39, 29389, '2024-02-26 08:34:40'),
(396, 126, 4, 39, 28108, '2024-02-26 08:35:26'),
(397, 126, 4, 39, 24535, '2024-02-26 08:37:26'),
(398, 114, 4, 39, 12659, '2024-02-26 08:41:05'),
(399, 98, 4, 40, 18452, '2024-02-26 09:02:44'),
(400, 98, 4, 40, 15987, '2024-02-26 09:03:06'),
(401, 98, 4, 40, 15987, '2024-02-26 09:03:06'),
(402, 98, 4, 40, 20014, '2024-02-26 09:03:17'),
(403, 98, 4, 40, 16935, '2024-02-26 09:03:48'),
(404, 130, 4, 40, 11244, '2024-02-26 09:36:07'),
(405, 124, 4, 41, 14598, '2024-02-26 09:37:26'),
(406, 124, 4, 41, 30000, '2024-02-26 09:38:25'),
(407, 124, 4, 41, 30000, '2024-02-26 09:38:37'),
(408, 124, 4, 41, 26734, '2024-02-26 09:39:06'),
(409, 120, 4, 39, 8600, '2024-02-26 11:27:01'),
(410, 120, 4, 39, 8939, '2024-02-26 11:27:12'),
(411, 120, 4, 39, 13800, '2024-02-26 11:27:27'),
(412, 120, 4, 39, 6712, '2024-02-26 11:27:42'),
(413, 120, 4, 39, 7654, '2024-02-26 11:27:55'),
(414, 120, 4, 39, 9724, '2024-02-26 11:28:06'),
(415, 120, 4, 39, 6843, '2024-02-26 11:28:24'),
(416, 120, 4, 39, 8188, '2024-02-26 11:28:35'),
(417, 120, 4, 39, 8927, '2024-02-26 11:28:47'),
(418, 120, 4, 39, 10739, '2024-02-26 11:29:02'),
(419, 120, 4, 39, 8769, '2024-02-26 11:29:14'),
(420, 135, 4, 41, 12306, '2024-02-26 11:35:18'),
(421, 131, 4, 44, 30000, '2024-02-26 12:17:30'),
(422, 131, 4, 44, 30000, '2024-02-26 12:17:43'),
(423, 131, 4, 44, 30000, '2024-02-26 12:17:54'),
(424, 131, 4, 44, 30000, '2024-02-26 12:18:02'),
(425, 131, 4, 44, 30000, '2024-02-26 12:18:10'),
(426, 131, 4, 44, 29832, '2024-02-26 12:18:43'),
(427, 108, 4, 43, 21389, '2024-02-26 12:42:07'),
(428, 108, 4, 43, 30000, '2024-02-26 12:42:13'),
(429, 121, 4, 44, 8939, '2024-02-26 13:19:07'),
(430, 121, 4, 44, 9808, '2024-02-26 13:19:17'),
(431, 121, 4, 44, 6572, '2024-02-26 13:19:27'),
(432, 121, 4, 44, 5958, '2024-02-26 13:19:36'),
(433, 121, 4, 44, 7388, '2024-02-26 13:19:44'),
(434, 121, 4, 44, 9663, '2024-02-26 13:19:51'),
(435, 121, 4, 44, 5929, '2024-02-26 13:20:00'),
(436, 121, 4, 44, 8084, '2024-02-26 13:20:08'),
(437, 121, 4, 44, 8618, '2024-02-26 13:20:16'),
(438, 121, 4, 44, 9282, '2024-02-26 13:20:23'),
(439, 109, 4, 42, 6300, '2024-02-26 13:30:38'),
(440, 116, 4, 41, 12326, '2024-02-26 17:35:23'),
(441, 132, 4, 42, 11497, '2024-02-26 17:37:16'),
(442, 123, 4, 43, 13055, '2024-02-26 18:26:22'),
(443, 111, 4, 43, 24707, '2024-02-26 20:06:27'),
(444, 125, 4, 41, 3000, '2024-02-26 20:57:59'),
(445, 134, 4, 43, 20461, '2024-02-26 21:27:10'),
(446, 127, 4, 40, 12629, '2024-02-26 21:54:34'),
(447, 101, 4, 43, 13120, '2024-02-26 21:59:20'),
(448, 95, 4, 39, 8612, '2024-02-26 22:48:59'),
(449, 117, 4, 39, 19242, '2024-02-26 23:19:34'),
(450, 109, 4, 42, 12480, '2024-02-27 05:01:24'),
(451, 118, 4, 43, 7658, '2024-02-27 06:28:30'),
(452, 110, 4, 39, 15178, '2024-02-27 07:03:03'),
(453, 107, 4, 42, 9887, '2024-02-27 07:06:19'),
(454, 100, 4, 42, 18975, '2024-02-27 07:09:43'),
(455, 106, 4, 42, 6807, '2024-02-27 07:24:58'),
(456, 120, 4, 39, 9012, '2024-02-27 07:25:17'),
(457, 97, 4, 41, 9503, '2024-02-27 08:01:18'),
(458, 119, 4, 44, 8431, '2024-02-27 08:20:49'),
(459, 126, 4, 39, 17079, '2024-02-27 08:52:40'),
(460, 121, 4, 44, 2300, '2024-02-27 09:37:20'),
(461, 104, 4, 43, 8423, '2024-02-27 09:42:29'),
(462, 104, 4, 43, 4329, '2024-02-27 09:42:54'),
(463, 104, 4, 43, 2030, '2024-02-27 09:43:06'),
(464, 104, 4, 43, 4839, '2024-02-27 09:43:20'),
(465, 104, 4, 43, 8456, '2024-02-27 09:43:39'),
(466, 104, 4, 43, 8356, '2024-02-27 09:43:54'),
(467, 113, 4, 39, 15202, '2024-02-27 10:34:08');

-- --------------------------------------------------------

--
-- Tabellstruktur `tblteam`
--

CREATE TABLE `tblteam` (
  `teamid` int(11) NOT NULL,
  `teamname` varchar(200) NOT NULL,
  `teamleader` int(11) DEFAULT NULL,
  `wins` int(11) NOT NULL DEFAULT 0
) ENGINE=InnoDB DEFAULT CHARSET=utf8mb4 COLLATE=utf8mb4_general_ci;

--
-- Dumpning av Data i tabell `tblteam`
--

INSERT INTO `tblteam` (`teamid`, `teamname`, `teamleader`, `wins`) VALUES
(39, 'Future Fighters', 0, 0),
(40, 'Magimakarna', 0, 0),
(41, 'Äventyrliga Änglarna', 0, 0),
(42, 'Innovationsvågen', 0, 0),
(43, 'Skaparstormen', 0, 0),
(44, 'Kognitiv Tornado', 0, 0);

-- --------------------------------------------------------

--
-- Tabellstruktur `tbluser`
--

CREATE TABLE `tbluser` (
  `userid` int(11) NOT NULL,
  `username` varchar(30) NOT NULL,
  `password` varchar(255) NOT NULL,
  `name` varchar(100) NOT NULL,
  `team` int(11) DEFAULT NULL,
  `userlevel` int(11) NOT NULL DEFAULT 10
) ENGINE=InnoDB DEFAULT CHARSET=utf8mb4 COLLATE=utf8mb4_general_ci;

--
-- Dumpning av Data i tabell `tbluser`
--

INSERT INTO `tbluser` (`userid`, `username`, `password`, `name`, `team`, `userlevel`) VALUES
(94, 'jlc_adm', 'd47a7a82cb18dfde4fc2098242d1a9e2', 'Charlie Jarl Admin', 0, 200),
(95, 'johfor', 'b10be1888466934c8bdd04e7c4b1a2ab', 'Johanna Forslund', 39, 10),
(96, 'jlundstrom', '92675e1df1cadb683373b0b5d5fc2e6f', 'Johanna Lundström', 42, 10),
(97, 'Lasse', '55337de63cce930befa88458516a9f1d', 'Lasse Flemström', 41, 10),
(98, 'ahse', '3e4367926b6407280564969fbe35498f', 'Susanne Ahlin', 40, 10),
(100, 'Glla', 'c6bf93aea78daab55f12f84b200147d3', 'Lina Garpedal', 42, 10),
(101, 'Mattias Olsson', '8439f2c6fa13bb6d91461c4139fa373c', 'Olsson', 43, 10),
(102, 'Lotta', '817744e2623d98bfc3f89ae59d82633d', 'Lotta Klav Lindstedt', 41, 10),
(103, 'Anna T', 'a5f560e35aa020352342ffac6684693b', 'Anna Tikkanen', 44, 10),
(104, 'Mockasinbossen', 'd2b217d61e1dd30c8150ca5bb0be2850', 'Jenny Skog', 43, 10),
(105, 'Stegmaskinen', '61682f6f0e07de74c51fb8b54fe041b7', 'Joakim Brink', 44, 10),
(106, 'Garry', 'b23cf2d0fb74b0ffa0cf4c70e6e04926', 'Garry Hedberg', 42, 10),
(107, 'Agneta', '99b7f8eb6a302b05c72de428268eeffc', 'Agneta Hylén', 42, 10),
(108, 'dcm', 'c2d91c15980a17609e4917a98c450c53', 'Melissa Molnstrand', 43, 10),
(109, 'FrisörLena', '12b3806557faaeae5fdc1c90577ec40a', 'Lena Nyströmer', 42, 10),
(110, 'smc', 'f177a9dccb6c9d9d128250cc1b008827', 'Karina Tomasen', 39, 10),
(111, 'Peter Eriksson', '0ea8a24a6175dd0054885be2591b8563', 'Peter Eriksson', 43, 10),
(112, 'Onfk', 'af8195ee23f4a3a9fdb196a24765088e', 'Fredrik Olsson', 41, 10),
(113, 'laha', 'b17b01874f2c3b7e7db6e7fb5e09971f', 'Hanna Larsson', 39, 10),
(114, 'bome', '5b25fdf3143f0e65d9b186fd45c5c980', 'Madeleine Berg', 39, 10),
(115, 'NathalieParmhed', '66e5c06ee488f0d88d0c0c757d09ae62', 'Nathalie Parmhed', 40, 10),
(116, 'een', 'c6366642a45718ed088211976628f6d1', 'Ann-Marie Fahlin', 41, 10),
(117, 'Ulrike', '4152030cfde4b2ea3a022fcd15193e00', 'Ulrike Franz', 39, 10),
(118, 'NSEA', '78bcaea232c7c700dbb6d7ae931a4972', 'Erika Nygårds', 43, 10),
(119, 'Peps', 'e26b2ca6c4e8be24443b97df59a87a8b', 'Peter Persson Garpedal', 44, 10),
(120, 'ebla', 'e79c4957709f4bf64e4e0901b380e4c9', 'Lisa Engborg', 39, 10),
(121, 'lisaelin', '7c9f5b7295e92815b5316004a46d0237', 'Elin Ekelund', 44, 10),
(122, 'ikae', 'b319c4c88447a2f5bf3ec55dd72cabab', 'Anne Inkin', 40, 10),
(123, 'jennyandersen', '474cb9281c6adc121a4afbecb14b5002', 'Jenny Andersen', 43, 10),
(124, 'pnkm', '88cbcacdbe91d35a2b5dff6dcd8195df', 'Kim Mälman', 41, 10),
(125, 'LinneaB', 'ca38f7ba6d87f0204b46285fbe491af8', 'Linnea Borg ', 41, 10),
(126, 'Karin Kuusela', '537d1761f661342f38c8ba399dc2f0a7', 'Karin Sundqvist Kuusela', 39, 10),
(127, 'ldja', 'd068197365bc597ef8ce5ddadd76f64e', 'Johanna Landin Jonsson', 40, 10),
(128, 'StefanOlsson', 'ee9f8d95e59ac72c8dd715e5fdda1b9d', 'Stefan Olsson', 40, 10),
(129, 'CCMS', 'cc5cd87b862084d16066a157f10ae7a4', 'Mirnes', 44, 10),
(130, 'Frida', '7edd721d18254eadd66327de2ce73583', 'Frida Sandin', 40, 10),
(131, 'Danny-boy', 'c0ab43b3debbacf613c6a205b1c71755', 'Daniel Haettman', 44, 10),
(132, 'fnha', 'd8839028e4c7ed24b5765452c3adb969', 'Helena Frandsen', 42, 10),
(133, 'David Karlström', '32912c92a357627af0b13f1f2bfe7ff7', 'David Karlström', 42, 10),
(134, 'Veronica', '3a02b951891195ad5ed8a9b475a9553c', 'Veronica Malmgren', 43, 10),
(135, 'Tone', 'c0e31b98cf4e3edcbeb821a96f2a227b', 'Tone Edström', 41, 10),
(136, 'Lisamj', '010d7fa31e2867893425fc75fa3f8f1b', 'Lisa Jönsson', 40, 10),
(137, 'HannaBellio', '4499dbe5b89b5c33617486f45e792a8e', 'Hanna Bellio', 44, 10),
(138, 'Forrest Gump-Hjort', '3189172470e1c1e6e35fa5fdca0ee2fb', 'Madeleine Hjort', 39, 10);

--
-- Index för dumpade tabeller
--

--
-- Index för tabell `tblcomp`
--
ALTER TABLE `tblcomp`
  ADD PRIMARY KEY (`compid`);

--
-- Index för tabell `tblsteps`
--
ALTER TABLE `tblsteps`
  ADD PRIMARY KEY (`stepsid`),
  ADD KEY `user` (`user`,`comp`);

--
-- Index för tabell `tblteam`
--
ALTER TABLE `tblteam`
  ADD PRIMARY KEY (`teamid`),
  ADD KEY `teamleader` (`teamleader`);

--
-- Index för tabell `tbluser`
--
ALTER TABLE `tbluser`
  ADD PRIMARY KEY (`userid`),
  ADD KEY `team` (`team`);

--
-- AUTO_INCREMENT för dumpade tabeller
--

--
-- AUTO_INCREMENT för tabell `tblcomp`
--
ALTER TABLE `tblcomp`
  MODIFY `compid` int(11) NOT NULL AUTO_INCREMENT, AUTO_INCREMENT=5;

--
-- AUTO_INCREMENT för tabell `tblsteps`
--
ALTER TABLE `tblsteps`
  MODIFY `stepsid` int(11) NOT NULL AUTO_INCREMENT, AUTO_INCREMENT=468;

--
-- AUTO_INCREMENT för tabell `tblteam`
--
ALTER TABLE `tblteam`
  MODIFY `teamid` int(11) NOT NULL AUTO_INCREMENT, AUTO_INCREMENT=45;

--
-- AUTO_INCREMENT för tabell `tbluser`
--
ALTER TABLE `tbluser`
  MODIFY `userid` int(11) NOT NULL AUTO_INCREMENT, AUTO_INCREMENT=139;
COMMIT;

/*!40101 SET CHARACTER_SET_CLIENT=@OLD_CHARACTER_SET_CLIENT */;
/*!40101 SET CHARACTER_SET_RESULTS=@OLD_CHARACTER_SET_RESULTS */;
/*!40101 SET COLLATION_CONNECTION=@OLD_COLLATION_CONNECTION */;
